event_id,session_id,build_id,sequence_no,run_tick,event_name
s01-e1,s01,gate-episode-1,1,2,action_accepted
s01-e2,s01,gate-episode-1,2,70,episode_complete
s01-e3,s01,gate-episode-1,3,70,episode_end
s02-e1,s02,gate-episode-2,1,2,action_accepted
s02-e2,s02,gate-episode-2,2,27,gate_crossed
s02-e3,s02,gate-episode-2,3,70,episode_end
s03-e1,s03,gate-episode-2,1,2,action_accepted
s03-e2,s03,gate-episode-2,2,70,episode_end
s04-e1,s04,gate-episode-2,1,2,action_accepted
s05-e1,s05,gate-episode-2,1,70,episode_end
s06-e1,s06,gate-episode-2,1,2,action_accepted
s06-e2,s06,gate-episode-2,2,27,gate_crossed
s06-e3,s06,gate-episode-2,3,70,episode_end
s07-e1,s07,gate-episode-1,1,2,action_accepted
s07-e2,s07,gate-episode-1,2,70,episode_complete
s07-e3,s07,gate-episode-1,3,70,episode_end
s08-e1,s08,gate-episode-2,1,2,action_accepted
s08-e3,s08,gate-episode-2,3,70,episode_end
